,full_ant_index,structure,acronym,ish_id,ant_id,in_200_atlas,region_overlap_ratio,jac_overlap_ratio,DICE_neg_jcb_anat
0,0,"""root""","""root""",-1.0,997,True,0.06919642857142858,0.010388739946380697,0.018065268065268
1,7,"""Frontal pole, layer 1""","""FRP1""",998.0,68,True,0.3,0.0020107238605898124,0.0039946737683089
2,8,"""Frontal pole, layer 2/3""","""FRP2/3""",1073.0,667,True,0.25,0.0023458445040214475,0.0046480743691899
3,19,"""Primary motor area, Layer 1""","""MOp1""",888.0,320,True,0.0,0.0,0.0
4,20,"""Primary motor area, Layer 2/3""","""MOp2/3""",966.0,943,True,0.0,0.0,0.0
5,21,"""Primary motor area, Layer 5""","""MOp5""",929.0,648,True,0.0,0.0,0.0
6,22,"""Primary motor area, Layer 6a""","""MOp6a""",1095.0,844,True,0.09510869565217392,0.011729222520107238,0.0208830548926014
7,23,"""Primary motor area, Layer 6b""","""MOp6b""",1100.0,882,True,0.2777777777777778,0.001675603217158177,0.0033311125916055
8,25,"""Secondary motor area, layer 1""","""MOs1""",930.0,656,True,0.02127659574468085,0.0020107238605898124,0.0036742192284139
9,26,"""Secondary motor area, layer 2/3""","""MOs2/3""",1110.0,962,True,0.008583690987124463,0.0013404825737265416,0.0023188405797101
10,27,"""Secondary motor area, layer 5""","""MOs5""",944.0,767,True,0.007207207207207207,0.0013404825737265416,0.0022605255721955
11,28,"""Secondary motor area, layer 6a""","""MOs6a""",1117.0,1021,True,0.01730103806228374,0.001675603217158177,0.0030553009471432
12,29,"""Secondary motor area, layer 6b""","""MOs6b""",1125.0,1085,True,0.25,0.0010053619302949062,0.0020026702269692
13,45,"""Primary somatosensory area, nose, layer 1""","""SSp-n1""",635.0,558,True,0.0,0.0,0.0
14,46,"""Primary somatosensory area, nose, layer 2/3""","""SSp-n2/3""",953.0,838,True,0.0,0.0,0.0
15,47,"""Primary somatosensory area, nose, layer 4""","""SSp-n4""",647.0,654,True,0.0,0.0,0.0
16,48,"""Primary somatosensory area, nose, layer 5""","""SSp-n5""",653.0,702,True,0.0,0.0,0.0
17,49,"""Primary somatosensory area, nose, layer 6a""","""SSp-n6a""",1101.0,889,True,0.0,0.0,0.0
18,50,"""Primary somatosensory area, nose, layer 6b""","""SSp-n6b""",1106.0,929,True,0.0,0.0,0.0
19,52,"""Primary somatosensory area, barrel field, layer 1""","""SSp-bfd1""",971.0,981,True,0.0,0.0,0.0
20,53,"""Primary somatosensory area, barrel field, layer 2/3""","""SSp-bfd2/3""",1015.0,201,True,0.0,0.0,0.0
21,54,"""Primary somatosensory area, barrel field, layer 4""","""SSp-bfd4""",979.0,1047,True,0.0,0.0,0.0
22,55,"""Primary somatosensory area, barrel field, layer 5""","""SSp-bfd5""",982.0,1070,True,0.0,0.0,0.0
23,56,"""Primary somatosensory area, barrel field, layer 6a""","""SSp-bfd6a""",978.0,1038,True,0.0,0.0,0.0
24,57,"""Primary somatosensory area, barrel field, layer 6b""","""SSp-bfd6b""",981.0,1062,True,0.0,0.0,0.0
25,66,"""Primary somatosensory area, lower limb, layer 1""","""SSp-ll1""",977.0,1030,True,0.0,0.0,0.0
26,67,"""Primary somatosensory area, lower limb, layer 2/3""","""SSp-ll2/3""",1004.0,113,True,0.0,0.0,0.0
27,68,"""Primary somatosensory area, lower limb, layer 4""","""SSp-ll4""",985.0,1094,True,0.0,0.0,0.0
28,69,"""Primary somatosensory area, lower limb, layer 5""","""SSp-ll5""",989.0,1128,True,0.0,0.0,0.0
29,70,"""Primary somatosensory area, lower limb, layer 6a""","""SSp-ll6a""",625.0,478,True,0.046875,0.0010053619302949062,0.0019685039370078
30,71,"""Primary somatosensory area, lower limb, layer 6b""","""SSp-ll6b""",629.0,510,True,0.8,0.0013404825737265416,0.0026764804282368
31,73,"""Primary somatosensory area, mouth, layer 1""","""SSp-m1""",958.0,878,True,0.0,0.0,0.0
32,74,"""Primary somatosensory area, mouth, layer 2/3""","""SSp-m2/3""",1072.0,657,True,0.0,0.0,0.0
33,75,"""Primary somatosensory area, mouth, layer 4""","""SSp-m4""",967.0,950,True,0.0,0.0,0.0
34,76,"""Primary somatosensory area, mouth, layer 5""","""SSp-m5""",970.0,974,True,0.0,0.0,0.0
35,77,"""Primary somatosensory area, mouth, layer 6a""","""SSp-m6a""",986.0,1102,True,0.0,0.0,0.0
36,78,"""Primary somatosensory area, mouth, layer 6b""","""SSp-m6b""",990.0,2,True,0.0,0.0,0.0
37,80,"""Primary somatosensory area, upper limb, layer 1""","""SSp-ul1""",1046.0,450,True,0.0,0.0,0.0
38,81,"""Primary somatosensory area, upper limb, layer 2/3""","""SSp-ul2/3""",955.0,854,True,0.0,0.0,0.0
39,82,"""Primary somatosensory area, upper limb, layer 4""","""SSp-ul4""",1062.0,577,True,0.0,0.0,0.0
40,83,"""Primary somatosensory area, upper limb, layer 5""","""SSp-ul5""",1068.0,625,True,0.0,0.0,0.0
41,84,"""Primary somatosensory area, upper limb, layer 6a""","""SSp-ul6a""",1108.0,945,True,0.017857142857142856,0.0006702412868632708,0.0012919896640826
42,85,"""Primary somatosensory area, upper limb, layer 6b""","""SSp-ul6b""",1118.0,1026,True,0.2222222222222222,0.0006702412868632708,0.0013364517206815
43,87,"""Primary somatosensory area, trunk, layer 1""","""SSp-tr1""",974.0,1006,True,0.0,0.0,0.0
44,88,"""Primary somatosensory area, trunk, layer 2/3""","""SSp-tr2/3""",649.0,670,True,0.0,0.0,0.0
45,89,"""Primary somatosensory area, trunk, layer 4""","""SSp-tr4""",984.0,1086,True,0.0,0.0,0.0
46,90,"""Primary somatosensory area, trunk, layer 5""","""SSp-tr5""",987.0,1111,True,0.0,0.0,0.0
47,91,"""Primary somatosensory area, trunk, layer 6a""","""SSp-tr6a""",991.0,9,True,0.0,0.0,0.0
48,92,"""Primary somatosensory area, trunk, layer 6b""","""SSp-tr6b""",623.0,461,True,0.0,0.0,0.0
49,101,"""Supplemental somatosensory area, layer 1""","""SSs1""",1099.0,873,True,0.005988023952095809,0.0003351206434316354,0.0006347191367819
50,102,"""Supplemental somatosensory area, layer 2/3""","""SSs2/3""",949.0,806,True,0.0,0.0,0.0
51,103,"""Supplemental somatosensory area, layer 4""","""SSs4""",1119.0,1035,True,0.0,0.0,0.0
52,104,"""Supplemental somatosensory area, layer 5""","""SSs5""",1126.0,1090,True,0.0,0.0,0.0
53,105,"""Supplemental somatosensory area, layer 6a""","""SSs6a""",956.0,862,True,0.0,0.0,0.0
54,106,"""Supplemental somatosensory area, layer 6b""","""SSs6b""",960.0,893,True,0.0,0.0,0.0
55,108,"""Gustatory areas, layer 1""","""GU1""",994.0,36,True,0.0,0.0,0.0
56,109,"""Gustatory areas, layer 2/3""","""GU2/3""",729.0,180,True,0.0,0.0,0.0
57,110,"""Gustatory areas, layer 4""","""GU4""",1008.0,148,True,0.0,0.0,0.0
58,111,"""Gustatory areas, layer 5""","""GU5""",1013.0,187,True,0.014285714285714285,0.0003351206434316354,0.0006548788474132
59,112,"""Gustatory areas, layer 6a""","""GU6a""",645.0,638,True,0.0967741935483871,0.0020107238605898124,0.0039395929087327
60,113,"""Gustatory areas, layer 6b""","""GU6b""",648.0,662,True,0.0,0.0,0.0
61,115,"""Visceral area, layer 1""","""VISC1""",1102.0,897,True,0.21621621621621623,0.002680965147453083,0.0052962595167163
62,116,"""Visceral area, layer 2/3""","""VISC2/3""",1128.0,1106,True,0.027777777777777776,0.0006702412868632708,0.0013089005235602
63,117,"""Visceral area, layer 4""","""VISC4""",1116.0,1010,True,0.0,0.0,0.0
64,118,"""Visceral area, layer 5""","""VISC5""",1122.0,1058,True,0.0,0.0,0.0
65,119,"""Visceral area, layer 6a""","""VISC6a""",1097.0,857,True,0.0,0.0,0.0
66,120,"""Visceral area, layer 6b""","""VISC6b""",1096.0,849,True,0.0,0.0,0.0
67,123,"""Dorsal auditory area, layer 1""","""AUDd1""",631.0,527,True,0.0,0.0,0.0
68,124,"""Dorsal auditory area, layer 2/3""","""AUDd2/3""",923.0,600,True,0.0,0.0,0.0
69,125,"""Dorsal auditory area, layer 4""","""AUDd4""",650.0,678,True,0.0,0.0,0.0
70,126,"""Dorsal auditory area, layer 5""","""AUDd5""",738.0,252,True,0.0,0.0,0.0
71,127,"""Dorsal auditory area, layer 6a""","""AUDd6a""",1009.0,156,True,0.0,0.0,0.0
72,128,"""Dorsal auditory area, layer 6b""","""AUDd6b""",1020.0,243,True,0.0,0.0,0.0
73,137,"""Primary auditory area, layer 1""","""AUDp1""",940.0,735,True,0.0,0.0,0.0
74,138,"""Primary auditory area, layer 2/3""","""AUDp2/3""",1021.0,251,True,0.0,0.0,0.0
75,139,"""Primary auditory area, layer 4""","""AUDp4""",950.0,816,True,0.0,0.0,0.0
76,140,"""Primary auditory area, layer 5""","""AUDp5""",954.0,847,True,0.0,0.0,0.0
77,141,"""Primary auditory area, layer 6a""","""AUDp6a""",1109.0,954,True,0.0,0.0,0.0
78,142,"""Primary auditory area, layer 6b""","""AUDp6b""",1115.0,1005,True,0.0,0.0,0.0
79,144,"""Posterior auditory area, layer 1""","""AUDpo1""",935.0,696,True,0.0,0.0,0.0
80,145,"""Posterior auditory area, layer 2/3""","""AUDpo2/3""",1070.0,643,True,0.0,0.0,0.0
81,146,"""Posterior auditory area, layer 4""","""AUDpo4""",943.0,759,True,0.0,0.0,0.0
82,147,"""Posterior auditory area, layer 5""","""AUDpo5""",947.0,791,True,0.0,0.0,0.0
83,148,"""Posterior auditory area, layer 6a""","""AUDpo6a""",455.0,249,True,0.0,0.0,0.0
84,149,"""Posterior auditory area, layer 6b""","""AUDpo6b""",622.0,456,True,0.0,0.0,0.0
85,151,"""Ventral auditory area, layer 1""","""AUDv1""",968.0,959,True,0.0,0.0,0.0
86,152,"""Ventral auditory area, layer 2/3""","""AUDv2/3""",1084.0,755,True,0.0,0.0,0.0
87,153,"""Ventral auditory area, layer 4""","""AUDv4""",972.0,990,True,0.0,0.0,0.0
88,154,"""Ventral auditory area, layer 5""","""AUDv5""",976.0,1023,True,0.0,0.0,0.0
89,155,"""Ventral auditory area, layer 6a""","""AUDv6a""",630.0,520,True,0.0,0.0,0.0
90,156,"""Ventral auditory area, layer 6b""","""AUDv6b""",640.0,598,True,0.0,0.0,0.0
91,165,"""Anterolateral visual area, layer 1""","""VISal1""",1124.0,1074,True,0.0,0.0,0.0
92,166,"""Anterolateral visual area, layer 2/3""","""VISal2/3""",1103.0,905,True,0.0,0.0,0.0
93,167,"""Anterolateral visual area, layer 4""","""VISal4""",1129.0,1114,True,0.0,0.0,0.0
94,168,"""Anterolateral visual area, layer 5""","""VISal5""",453.0,233,True,0.0,0.0,0.0
95,169,"""Anterolateral visual area, layer 6a""","""VISal6a""",1065.0,601,True,0.0,0.0,0.0
96,170,"""Anterolateral visual area, layer 6b""","""VISal6b""",1071.0,649,True,0.0,0.0,0.0
97,172,"""Anteromedial visual area, layer 1""","""VISam1""",1025.0,281,True,0.0,0.0,0.0
98,173,"""Anteromedial visual area, layer 2/3""","""VISam2/3""",1123.0,1066,True,0.0,0.0,0.0
99,174,"""Anteromedial visual area, layer 4""","""VISam4""",1040.0,401,True,0.0,0.0,0.0
100,175,"""Anteromedial visual area, layer 5""","""VISam5""",1044.0,433,True,0.0,0.0,0.0
101,176,"""Anteromedial visual area, layer 6a""","""VISam6a""",696.0,1046,True,0.0,0.0,0.0
102,177,"""Anteromedial visual area, layer 6b""","""VISam6b""",762.0,441,True,0.0,0.0,0.0
103,179,"""Lateral visual area, layer 1""","""VISl1""",618.0,421,True,0.0,0.0,0.0
104,180,"""Lateral visual area, layer 2/3""","""VISl2/3""",687.0,973,True,0.0,0.0,0.0
105,181,"""Lateral visual area, layer 4""","""VISl4""",637.0,573,True,0.0,0.0,0.0
106,182,"""Lateral visual area, layer 5""","""VISl5""",642.0,613,True,0.0,0.0,0.0
107,183,"""Lateral visual area, layer 6a""","""VISl6a""",999.0,74,True,0.0,0.0,0.0
108,184,"""Lateral visual area, layer 6b""","""VISl6b""",1005.0,121,True,0.0,0.0,0.0
109,186,"""Primary visual area, layer 1""","""VISp1""",1064.0,593,True,0.0,0.0,0.0
110,187,"""Primary visual area, layer 2/3""","""VISp2/3""",951.0,821,True,0.0,0.0,0.0
111,188,"""Primary visual area, layer 4""","""VISp4""",1080.0,721,True,0.0,0.0,0.0
112,189,"""Primary visual area, layer 5""","""VISp5""",1087.0,778,True,0.0,0.0,0.0
113,190,"""Primary visual area, layer 6a""","""VISp6a""",428.0,33,True,0.0,0.0,0.0
114,191,"""Primary visual area, layer 6b""","""VISp6b""",462.0,305,True,0.0,0.0,0.0
115,193,"""Posterolateral visual area, layer 1""","""VISpl1""",942.0,750,True,0.0,0.0,0.0
116,194,"""Posterolateral visual area, layer 2/3""","""VISpl2/3""",882.0,269,True,0.0,0.0,0.0
117,195,"""Posterolateral visual area, layer 4""","""VISpl4""",957.0,869,True,0.0,0.0,0.0
118,196,"""Posterolateral visual area, layer 5""","""VISpl5""",961.0,902,True,0.0,0.0,0.0
119,197,"""Posterolateral visual area, layer 6a""","""VISpl6a""",1037.0,377,True,0.0,0.0,0.0
120,200,"""posteromedial visual area, layer 1""","""VISpm1""",383.0,805,True,0.0,0.0,0.0
121,201,"""posteromedial visual area, layer 2/3""","""VISpm2/3""",995.0,41,True,0.0,0.0,0.0
122,202,"""posteromedial visual area, layer 4""","""VISpm4""",628.0,501,True,0.0,0.0,0.0
123,203,"""posteromedial visual area, layer 5""","""VISpm5""",636.0,565,True,0.0,0.0,0.0
124,204,"""posteromedial visual area, layer 6a""","""VISpm6a""",456.0,257,True,0.0,0.0,0.0
125,205,"""posteromedial visual area, layer 6b""","""VISpm6b""",624.0,469,True,0.0,0.0,0.0
126,227,"""Anterior cingulate area, dorsal part, layer 1""","""ACAd1""",965.0,935,True,0.0,0.0,0.0
127,228,"""Anterior cingulate area, dorsal part, layer 2/3""","""ACAd2/3""",1016.0,211,True,0.0,0.0,0.0
128,229,"""Anterior cingulate area, dorsal part, layer 5""","""ACAd5""",975.0,1015,True,0.0,0.0,0.0
129,230,"""Anterior cingulate area, dorsal part, layer 6a""","""ACAd6a""",963.0,919,True,0.0,0.0,0.0
130,231,"""Anterior cingulate area, dorsal part, layer 6b""","""ACAd6b""",964.0,927,True,0.0,0.0,0.0
131,233,"""Anterior cingulate area, ventral part, layer 1""","""ACAv1""",1063.0,588,True,0.0,0.0,0.0
132,235,"""Anterior cingulate area, ventral part, layer 5""","""ACAv5""",1086.0,772,True,0.0,0.0,0.0
133,236,"""Anterior cingulate area, ventral part, 6a""","""ACAv6a""",1091.0,810,True,0.0,0.0,0.0
134,237,"""Anterior cingulate area, ventral part, 6b""","""ACAv6b""",1092.0,819,True,0.0,0.0,0.0
135,239,"""Prelimbic area, layer 1""","""PL1""",1011.0,171,True,0.011904761904761904,0.0003351206434316354,0.0006518904823989
136,241,"""Prelimbic area, layer 2/3""","""PL2/3""",886.0,304,True,0.19047619047619047,0.0013404825737265416,0.0026622296173044
137,242,"""Prelimbic area, layer 5""","""PL5""",1035.0,363,True,0.06521739130434782,0.0030160857908847183,0.0057655349135169
138,243,"""Prelimbic area, layer 6a""","""PL6a""",1000.0,84,True,0.0,0.0,0.0
139,244,"""Prelimbic area, layer 6b""","""PL6b""",1006.0,132,True,0.0,0.0,0.0
140,246,"""Infralimbic area, layer 1""","""ILA1""",1078.0,707,True,0.0,0.0,0.0
141,248,"""Infralimbic area, layer 2/3""","""ILA2/3""",1059.0,556,True,0.0,0.0,0.0
142,249,"""Infralimbic area, layer 5""","""ILA5""",1093.0,827,True,0.0,0.0,0.0
143,250,"""Infralimbic area, layer 6a""","""ILA6a""",980.0,1054,True,0.0,0.0,0.0
144,259,"""Orbital area, lateral part, layer 1""","""ORBl1""",621.0,448,True,0.09615384615384616,0.001675603217158177,0.0032938076416337
145,260,"""Orbital area, lateral part, layer 2/3""","""ORBl2/3""",1041.0,412,True,0.07246376811594203,0.001675603217158177,0.0032754667540124
146,261,"""Orbital area, lateral part, layer 5""","""ORBl5""",644.0,630,True,0.0,0.0,0.0
147,262,"""Orbital area, lateral part, layer 6a""","""ORBl6a""",620.0,440,True,0.0,0.0,0.0
148,263,"""Orbital area, lateral part, layer 6b""","""ORBl6b""",626.0,488,True,0.0,0.0,0.0
149,265,"""Orbital area, medial part, layer 1""","""ORBm1""",1050.0,484,True,0.046153846153846156,0.0010053619302949062,0.0019678583142013
150,267,"""Orbital area, medial part, layer 2/3""","""ORBm2/3""",638.0,582,True,0.14814814814814814,0.0013404825737265416,0.0026569246097641
151,268,"""Orbital area, medial part, layer 5""","""ORBm5""",1067.0,620,True,0.030303030303030304,0.0006702412868632708,0.001311475409836
152,269,"""Orbital area, medial part, layer 6a""","""ORBm6a""",962.0,910,True,0.0,0.0,0.0
153,273,"""Orbital area, ventrolateral part, layer 1""","""ORBvl1""",1111.0,969,True,0.19230769230769232,0.003351206434316354,0.0065876152832674
154,274,"""Orbital area, ventrolateral part, layer 2/3""","""ORBvl2/3""",884.0,288,True,0.14285714285714285,0.0030160857908847183,0.0059074499507712
155,275,"""Orbital area, ventrolateral part, layer 5""","""ORBvl5""",1130.0,1125,True,0.04878048780487805,0.0013404825737265416,0.0026092628832354
156,276,"""Orbital area, ventrolateral part, layer 6a""","""ORBvl6a""",924.0,608,True,0.0,0.0,0.0
157,277,"""Orbital area, ventrolateral part, layer 6b""","""ORBvl6b""",933.0,680,True,0.0,0.0,0.0
158,280,"""Agranular insular area, dorsal part, layer 1""","""AId1""",1114.0,996,True,0.0,0.0,0.0
159,281,"""Agranular insular area, dorsal part, layer 2/3""","""AId2/3""",889.0,328,True,0.0,0.0,0.0
160,282,"""Agranular insular area, dorsal part, layer 5""","""AId5""",1127.0,1101,True,0.0,0.0,0.0
161,283,"""Agranular insular area, dorsal part, layer 6a""","""AId6a""",946.0,783,True,0.0,0.0,0.0
162,284,"""Agranular insular area, dorsal part, layer 6b""","""AId6b""",952.0,831,True,0.0,0.0,0.0
163,286,"""Agranular insular area, posterior part, layer 1""","""AIp1""",863.0,120,True,0.018867924528301886,0.0003351206434316354,0.0006585446163977
164,287,"""Agranular insular area, posterior part, layer 2/3""","""AIp2/3""",1010.0,163,True,0.0,0.0,0.0
165,288,"""Agranular insular area, posterior part, layer 5""","""AIp5""",891.0,344,True,0.0,0.0,0.0
166,289,"""Agranular insular area, posterior part, layer 6a""","""AIp6a""",1029.0,314,True,0.02,0.0003351206434316354,0.000659195781147
167,290,"""Agranular insular area, posterior part, layer 6b""","""AIp6b""",1034.0,355,True,0.0,0.0,0.0
168,292,"""Agranular insular area, ventral part, layer 1""","""AIv1""",936.0,704,True,0.0,0.0,0.0
169,293,"""Agranular insular area, ventral part, layer 2/3""","""AIv2/3""",652.0,694,True,0.0,0.0,0.0
170,294,"""Agranular insular area, ventral part, layer 5""","""AIv5""",948.0,800,True,0.0,0.0,0.0
171,295,"""Agranular insular area, ventral part, layer 6a""","""AIv6a""",1074.0,675,True,0.0,0.0,0.0
172,299,"""Retrosplenial area, lateral agranular part, layer 1""","""RSPagl1""",932.0,671,True,0.0,0.0,0.0
173,300,"""Retrosplenial area, lateral agranular part, layer 2/3""","""RSPagl2/3""",969.0,965,True,0.0,0.0,0.0
174,301,"""Retrosplenial area, lateral agranular part, layer 5""","""RSPagl5""",945.0,774,True,0.0,0.0,0.0
175,302,"""Retrosplenial area, lateral agranular part, layer 6a""","""RSPagl6a""",820.0,906,True,0.0,0.0,0.0
176,303,"""Retrosplenial area, lateral agranular part, layer 6b""","""RSPagl6b""",883.0,279,True,0.0,0.0,0.0
177,326,"""Retrosplenial area, dorsal part, layer 1""","""RSPd1""",1045.0,442,True,0.0,0.0,0.0
178,327,"""Retrosplenial area, dorsal part, layer 2/3""","""RSPd2/3""",761.0,434,True,0.0,0.0,0.0
179,329,"""Retrosplenial area, dorsal part, layer 5""","""RSPd5""",1066.0,610,True,0.0,0.0,0.0
180,330,"""Retrosplenial area, dorsal part, layer 6a""","""RSPd6a""",1024.0,274,True,0.0,0.0,0.0
181,331,"""Retrosplenial area, dorsal part, layer 6b""","""RSPd6b""",1031.0,330,True,0.0,0.0,0.0
182,333,"""Retrosplenial area, ventral part, layer 1""","""RSPv1""",633.0,542,True,0.0,0.0,0.0
183,335,"""Retrosplenial area, ventral part, layer 2/3""","""RSPv2/3""",619.0,430,True,0.0,0.0,0.0
184,336,"""Retrosplenial area, ventral part, layer 5""","""RSPv5""",651.0,687,True,0.0,0.0,0.0
185,337,"""Retrosplenial area, ventral part, layer 6a""","""RSPv6a""",639.0,590,True,0.0,0.0,0.0
186,338,"""Retrosplenial area, ventral part, layer 6b""","""RSPv6b""",643.0,622,True,0.0,0.0,0.0
187,359,"""Rostrolateral area, layer 6b""","""VISrl6b""",,312782624,True,0.0,0.0,0.0
188,361,"""Temporal association areas, layer 1""","""TEa1""",1002.0,97,True,0.0,0.0,0.0
189,362,"""Temporal association areas, layer 2/3""","""TEa2/3""",706.0,1127,True,0.0,0.0,0.0
190,363,"""Temporal association areas, layer 4""","""TEa4""",1019.0,234,True,0.0,0.0,0.0
191,364,"""Temporal association areas, layer 5""","""TEa5""",1026.0,289,True,0.0,0.0,0.0
192,365,"""Temporal association areas, layer 6a""","""TEa6a""",1081.0,729,True,0.0,0.0,0.0
193,366,"""Temporal association areas, layer 6b""","""TEa6b""",1088.0,786,True,0.0,0.0,0.0
194,368,"""Perirhinal area, layer 1""","""PERI1""",1057.0,540,True,0.0,0.0,0.0
195,369,"""Perirhinal area, layer 2/3""","""PERI2/3""",959.0,888,True,0.0,0.0,0.0
196,370,"""Perirhinal area, layer 5""","""PERI5""",1076.0,692,True,0.0,0.0,0.0
197,371,"""Perirhinal area, layer 6a""","""PERI6a""",890.0,335,True,0.0,0.0,0.0
198,372,"""Perirhinal area, layer 6b""","""PERI6b""",894.0,368,True,0.0,0.0,0.0
199,374,"""Ectorhinal area/Layer 1""","""ECT1""",1094.0,836,True,0.0,0.0,0.0
200,375,"""Ectorhinal area/Layer 2/3""","""ECT2/3""",1043.0,427,True,0.0,0.0,0.0
201,376,"""Ectorhinal area/Layer 5""","""ECT5""",1113.0,988,True,0.0,0.0,0.0
202,377,"""Ectorhinal area/Layer 6a""","""ECT6a""",1112.0,977,True,0.0,0.0,0.0
203,378,"""Ectorhinal area/Layer 6b""","""ECT6b""",1120.0,1045,True,0.0,0.0,0.0
204,379,"""Olfactory areas""","""OLF""",228.0,698,True,0.057003257328990226,0.011729222520107238,0.0194552529182879
205,380,"""Main olfactory bulb""","""MOB""",204.0,507,True,0.03603158933859822,0.024463806970509382,0.0291417165668662
206,387,"""Accessory olfactory bulb, glomerular layer""","""AOBgl""",730.0,188,True,0.3684210526315789,0.0023458445040214475,0.0046620046620046
207,388,"""Accessory olfactory bulb, granular layer""","""AOBgr""",731.0,196,True,0.0,0.0,0.0
208,389,"""Accessory olfactory bulb, mitral layer""","""AOBmi""",732.0,204,True,0.15384615384615385,0.0020107238605898124,0.00396956665564
209,390,"""Anterior olfactory nucleus""","""AON""",19.0,159,True,0.0,0.0,0.0
210,399,"""Taenia tecta, dorsal part""","""TTd""",357.0,597,True,0.0,0.0,0.0
211,405,"""Taenia tecta, ventral part""","""TTv""",358.0,605,True,0.0,0.0,0.0
212,410,"""Dorsal peduncular area""","""DP""",384.0,814,True,0.0,0.0,0.0
213,416,"""Piriform area""","""PIR""",261.0,961,True,0.012430939226519336,0.006032171581769437,0.0081227436823104
214,423,"""Nucleus of the lateral olfactory tract, molecular layer""","""NLOT1""",739.0,260,True,0.0,0.0,0.0
215,424,"""Nucleus of the lateral olfactory tract, pyramidal layer""","""NLOT2""",740.0,268,True,0.0,0.0,0.0
216,425,"""Nucleus of the lateral olfactory tract, layer 3""","""NLOT3""",1137.0,1139,True,0.0,0.0,0.0
217,427,"""Cortical amygdalar area, anterior part""","""COAa""",79.0,639,True,0.0,0.0,0.0
218,432,"""Cortical amygdalar area, posterior part, lateral zone""","""COApl""",81.0,655,True,0.0,0.0,0.0
219,438,"""Cortical amygdalar area, posterior part, medial zone""","""COApm""",82.0,663,True,0.0,0.0,0.0
220,444,"""Piriform-amygdalar area""","""PAA""",239.0,788,True,0.0,0.0,0.0
221,449,"""Postpiriform transition area""","""TR""",353.0,566,True,0.0,0.0,0.0
222,454,"""Hippocampal formation""","""HPF""",135.0,1089,True,0.0,0.0,0.0
223,457,"""Field CA1""","""CA1""",47.0,382,True,0.0023148148148148147,0.0010053619302949062,0.0014018691588785
224,462,"""Field CA2""","""CA2""",52.0,423,True,0.015151515151515152,0.0003351206434316354,0.000655737704918
225,467,"""Field CA3""","""CA3""",57.0,463,True,0.08121827411167512,0.021447721179624665,0.0339342523860021
226,474,"""Dentate gyrus, molecular layer""","""DG-mo""",,10703,True,0.018072289156626505,0.0030160857908847183,0.0051694428489373
227,475,"""Dentate gyrus, polymorph layer""","""DG-po""",,10704,True,0.05970149253731343,0.0013404825737265416,0.0026220911176663
228,476,"""Dentate gyrus, granule cell layer""","""DG-sg""",927.0,632,True,0.04484304932735426,0.003351206434316354,0.0062363579669473
229,490,"""Fasciola cinerea""","""FC""",122.0,982,True,0.0,0.0,0.0
230,491,"""Induseum griseum""","""IG""",143.0,19,True,0.0,0.0,0.0
231,495,"""Entorhinal area, lateral part, layer 1""","""ENTl1""",988.0,1121,True,0.0,0.0,0.0
232,496,"""Entorhinal area, lateral part, layer 2""","""ENTl2""",992.0,20,True,0.005154639175257732,0.0003351206434316354,0.000629326620516
233,500,"""Entorhinal area, lateral part, layer 3""","""ENTl3""",996.0,52,True,0.006097560975609756,0.0003351206434316354,0.0006353240152477
234,503,"""Entorhinal area, lateral part, layer 5""","""ENTl5""",1007.0,139,True,0.0,0.0,0.0
235,505,"""Entorhinal area, lateral part, layer 6a""","""ENTl6a""",993.0,28,True,0.0,0.0,0.0
236,508,"""Entorhinal area, medial part, dorsal zone, layer 1""","""ENTm1""",914.0,526,True,0.0,0.0,0.0
237,509,"""Entorhinal area, medial part, dorsal zone, layer 2""","""ENTm2""",916.0,543,True,0.0,0.0,0.0
238,512,"""Entorhinal area, medial part, dorsal zone, layer 3""","""ENTm3""",931.0,664,True,0.0,0.0,0.0
239,514,"""Entorhinal area, medial part, dorsal zone, layer 5""","""ENTm5""",939.0,727,True,0.0,0.0,0.0
240,516,"""Entorhinal area, medial part, dorsal zone, layer 6""","""ENTm6""",941.0,743,True,0.0,0.0,0.0
241,523,"""Parasubiculum""","""PAR""",246.0,843,True,0.0,0.0,0.0
242,527,"""Postsubiculum""","""POST""",270.0,1037,True,0.0,0.0,0.0
243,531,"""Presubiculum""","""PRE""",276.0,1084,True,0.0,0.0,0.0
244,535,"""Subiculum""","""SUB""",345.0,502,True,0.0,0.0,0.0
245,550,"""Prosubiculum, ventral part, molecular layer""","""ProSv-m""",,484682496,True,0.0782122905027933,0.004691689008042895,0.0088523553588365
246,555,"""Cortical subplate""","""CTXsp""",87.0,703,True,0.0,0.0,0.0
247,557,"""Claustrum""","""CLA""",72.0,583,True,0.02857142857142857,0.0006702412868632708,0.0013097576948264
248,559,"""Endopiriform nucleus, dorsal part""","""EPd""",118.0,952,True,0.0,0.0,0.0
249,560,"""Endopiriform nucleus, ventral part""","""EPv""",120.0,966,True,0.0,0.0,0.0
250,561,"""Lateral amygdalar nucleus""","""LA""",157.0,131,True,0.01834862385321101,0.0006702412868632708,0.0012932428063368
251,563,"""Basolateral amygdalar nucleus, anterior part""","""BLAa""",37.0,303,True,0.0,0.0,0.0
252,564,"""Basolateral amygdalar nucleus, posterior part""","""BLAp""",38.0,311,True,0.0,0.0,0.0
253,565,"""Basolateral amygdalar nucleus, ventral part""","""BLAv""",763.0,451,True,0.0,0.0,0.0
254,567,"""Basomedial amygdalar nucleus, anterior part""","""BMAa""",40.0,327,True,0.0,0.0,0.0
255,568,"""Basomedial amygdalar nucleus, posterior part""","""BMAp""",41.0,334,True,0.0,0.0,0.0
256,569,"""Posterior amygdalar nucleus""","""PA""",238.0,780,True,0.0,0.0,0.0
257,571,"""Striatum""","""STR""",342.0,477,True,0.07142857142857142,0.008378016085790885,0.01499700059988
258,573,"""Caudoputamen""","""CP""",83.0,672,True,0.08875379939209727,0.09785522788203753,0.0930825629582403
259,575,"""Nucleus accumbens""","""ACB""",6.0,56,True,0.0,0.0,0.0
260,576,"""Fundus of striatum""","""FS""",124.0,998,True,0.0,0.0,0.0
261,577,"""Olfactory tubercle""","""OT""",235.0,754,True,0.08793456032719836,0.014410187667560321,0.0247624532104808
262,587,"""Lateral septal nucleus, caudal (caudodorsal) part""","""LSc""",172.0,250,True,0.2676056338028169,0.006367292225201072,0.0124386252045826
263,588,"""Lateral septal nucleus, rostral (rostroventral) part""","""LSr""",173.0,258,True,0.1125,0.009048257372654156,0.0167493796526054
264,589,"""Lateral septal nucleus, ventral part""","""LSv""",174.0,266,True,0.02702702702702703,0.0006702412868632708,0.001308044473512
265,590,"""Septofimbrial nucleus""","""SF""",321.0,310,True,0.029850746268656716,0.0006702412868632708,0.0013110455588331
266,591,"""Septohippocampal nucleus""","""SH""",324.0,333,True,0.0,0.0,0.0
267,593,"""Anterior amygdalar area""","""AAA""",2.0,23,True,0.031746031746031744,0.0006702412868632708,0.0013127666557269
268,594,"""Bed nucleus of the accessory olfactory tract""","""BA""",460.0,292,True,0.0,0.0,0.0
269,596,"""Central amygdalar nucleus, capsular part""","""CEAc""",67.0,544,True,0.023809523809523808,0.0003351206434316354,0.0006609385327164
270,597,"""Central amygdalar nucleus, lateral part""","""CEAl""",68.0,551,True,0.0625,0.0006702412868632708,0.0013262599469496
271,598,"""Central amygdalar nucleus, medial part""","""CEAm""",69.0,559,True,0.05555555555555555,0.001675603217158177,0.0032530904359141
272,599,"""Intercalated amygdalar nucleus""","""IA""",137.0,1105,True,0.0,0.0,0.0
273,600,"""Medial amygdalar nucleus""","""MEA""",191.0,403,True,0.1067193675889328,0.009048257372654156,0.0166821130676552
274,608,"""Pallidum""","""PAL""",241.0,803,True,0.3153846153846154,0.013739946380697051,0.0263326910725754
275,610,"""Globus pallidus, external segment""","""GPe""",127.0,1022,True,0.6436170212765957,0.04054959785522788,0.0762925598991172
276,611,"""Globus pallidus, internal segment""","""GPi""",128.0,1031,True,0.8703703703703703,0.015750670241286863,0.0309414088215931
277,613,"""Substantia innominata""","""SI""",325.0,342,True,0.02099737532808399,0.002680965147453083,0.0047548291233283
278,614,"""Magnocellular nucleus""","""MA""",178.0,298,True,0.0196078431372549,0.0003351206434316354,0.000658978583196
279,617,"""Medial septal nucleus""","""MS""",211.0,564,True,0.09433962264150944,0.001675603217158177,0.0032927230819888
280,618,"""Diagonal band nucleus""","""NDB""",215.0,596,True,0.012195121951219513,0.0003351206434316354,0.0006523157208088
281,619,"""Triangular nucleus of septum""","""TRS""",355.0,581,True,0.05555555555555555,0.0006702412868632708,0.0013245033112582
282,621,"""Bed nuclei of the stria terminalis""","""BST""",43.0,351,True,0.005917159763313609,0.0003351206434316354,0.0006343165239454
283,638,"""Bed nucleus of the anterior commissure""","""BAC""",35.0,287,True,0.0,0.0,0.0
284,641,"""Thalamus""","""TH""",351.0,549,True,0.0423728813559322,0.001675603217158177,0.0032237266279819
285,644,"""Ventral anterior-lateral complex of the thalamus""","""VAL""",361.0,629,True,0.020618556701030927,0.0006702412868632708,0.0012982797792924
286,645,"""Ventral medial nucleus of the thalamus""","""VM""",368.0,685,True,0.0,0.0,0.0
287,647,"""Ventral posterolateral nucleus of the thalamus""","""VPL""",372.0,718,True,0.5909090909090909,0.0217828418230563,0.042016806722689
288,648,"""Ventral posterolateral nucleus of the thalamus, parvicellular part""","""VPLpc""",373.0,725,True,0.0,0.0,0.0
289,649,"""Ventral posteromedial nucleus of the thalamus""","""VPM""",374.0,733,True,0.1643192488262911,0.011729222520107238,0.0218955270566155
290,650,"""Ventral posteromedial nucleus of the thalamus, parvicellular part""","""VPMpc""",375.0,741,True,0.0,0.0,0.0
291,653,"""Subparafascicular nucleus, magnocellular part""","""SPFm""",334.0,414,True,0.0,0.0,0.0
292,654,"""Subparafascicular nucleus, parvicellular part""","""SPFp""",335.0,422,True,0.0,0.0,0.0
293,655,"""Subparafascicular area""","""SPA""",783.0,609,True,0.058823529411764705,0.0003351206434316354,0.0006664445184938
294,656,"""Peripeduncular nucleus""","""PP""",271.0,1044,True,0.0,0.0,0.0
295,659,"""Medial geniculate complex, dorsal part""","""MGd""",416.0,1072,True,0.0,0.0,0.0
296,660,"""Medial geniculate complex, ventral part""","""MGv""",417.0,1079,True,0.0,0.0,0.0
297,661,"""Medial geniculate complex, medial part""","""MGm""",418.0,1088,True,0.0,0.0,0.0
298,663,"""Dorsal part of the lateral geniculate complex, shell""","""LGd-sh""",,496345664,True,0.0,0.0,0.0
299,668,"""Lateral posterior nucleus of the thalamus""","""LP""",168.0,218,True,0.0,0.0,0.0
300,669,"""Posterior complex of the thalamus""","""PO""",268.0,1020,True,0.0,0.0,0.0
301,670,"""Posterior limiting nucleus of the thalamus""","""POL""",269.0,1029,True,0.0,0.0,0.0
302,671,"""Suprageniculate nucleus""","""SGN""",323.0,325,True,0.0,0.0,0.0
303,675,"""Anteroventral nucleus of thalamus""","""AV""",31.0,255,True,0.0196078431372549,0.0003351206434316354,0.000658978583196
304,677,"""Anteromedial nucleus, dorsal part""","""AMd""",419.0,1096,True,0.0,0.0,0.0
305,678,"""Anteromedial nucleus, ventral part""","""AMv""",420.0,1104,True,0.0,0.0,0.0
306,679,"""Anterodorsal nucleus""","""AD""",7.0,64,True,0.0,0.0,0.0
307,680,"""Interanteromedial nucleus of the thalamus""","""IAM""",139.0,1120,True,0.0,0.0,0.0
308,681,"""Interanterodorsal nucleus of the thalamus""","""IAD""",138.0,1113,True,0.0,0.0,0.0
309,682,"""Lateral dorsal nucleus of thalamus""","""LD""",160.0,155,True,0.0,0.0,0.0
310,684,"""Intermediodorsal nucleus of the thalamus""","""IMD""",148.0,59,True,0.07407407407407407,0.0006702412868632708,0.001328462304882
311,685,"""Mediodorsal nucleus of thalamus""","""MD""",186.0,362,True,0.0,0.0,0.0
312,689,"""Submedial nucleus of the thalamus""","""SMT""",328.0,366,True,0.0,0.0,0.0
313,690,"""Perireunensis nucleus""","""PR""",275.0,1077,True,0.0,0.0,0.0
314,692,"""Paraventricular nucleus of the thalamus""","""PVT""",301.0,149,True,0.03333333333333333,0.0006702412868632708,0.0013140604467805
315,693,"""Parataenial nucleus""","""PT""",284.0,15,True,0.0,0.0,0.0
316,694,"""Nucleus of reuniens""","""RE""",305.0,181,True,0.0,0.0,0.0
317,697,"""Rhomboid nucleus""","""RH""",306.0,189,True,0.0,0.0,0.0
318,698,"""Central medial nucleus of the thalamus""","""CM""",74.0,599,True,0.0,0.0,0.0
319,699,"""Paracentral nucleus""","""PCN""",254.0,907,True,0.0,0.0,0.0
320,700,"""Central lateral nucleus of the thalamus""","""CL""",71.0,575,True,0.0,0.0,0.0
321,701,"""Parafascicular nucleus""","""PF""",257.0,930,True,0.0,0.0,0.0
322,703,"""Reticular nucleus of the thalamus""","""RT""",315.0,262,True,0.5865921787709497,0.03518766756032172,0.0663926651912741
323,705,"""Intergeniculate leaflet of the lateral geniculate complex""","""IGL""",144.0,27,True,0.0,0.0,0.0
324,707,"""Ventral part of the lateral geniculate complex""","""LGv""",163.0,178,True,0.25925925925925924,0.004691689008042895,0.0092165898617511
325,710,"""Subgeniculate nucleus""","""SubG""",464.0,321,True,0.5,0.0006702412868632708,0.001338688085676
326,712,"""Medial habenula""","""MH""",201.0,483,True,0.0975609756097561,0.0013404825737265416,0.0026446280991735
327,713,"""Lateral habenula""","""LH""",164.0,186,True,0.0,0.0,0.0
328,715,"""Hypothalamus""","""HY""",136.0,1097,True,0.033950617283950615,0.003686327077747989,0.0066505441354292
329,717,"""Supraoptic nucleus""","""SO""",331.0,390,True,0.5,0.0006702412868632708,0.001338688085676
330,718,"""Accessory supraoptic group""","""ASO""",465.0,332,True,0.0,0.0,0.0
331,720,"""Paraventricular hypothalamic nucleus""","""PVH""",287.0,38,True,0.0,0.0,0.0
332,731,"""Periventricular hypothalamic nucleus, anterior part""","""PVa""",286.0,30,True,0.125,0.0003351206434316354,0.0006684491978609
333,732,"""Periventricular hypothalamic nucleus, intermediate part""","""PVi""",297.0,118,True,0.2647058823529412,0.0030160857908847183,0.0059642147117296
334,733,"""Arcuate hypothalamic nucleus""","""ARH""",27.0,223,True,0.020833333333333332,0.0003351206434316354,0.0006596306068601
335,735,"""Anterodorsal preoptic nucleus""","""ADP""",8.0,72,True,0.0,0.0,0.0
336,737,"""Anteroventral preoptic nucleus""","""AVP""",32.0,263,True,0.09090909090909091,0.0003351206434316354,0.0006677796327212
337,738,"""Anteroventral periventricular nucleus""","""AVPV""",33.0,272,True,0.23076923076923078,0.0020107238605898124,0.0039867109634551
338,739,"""Dorsomedial nucleus of the hypothalamus""","""DMH""",103.0,830,True,0.0392156862745098,0.0006702412868632708,0.001317957166392
339,744,"""Medial preoptic area""","""MPO""",206.0,523,True,0.015384615384615385,0.0003351206434316354,0.0006559527714004
340,747,"""Parastrial nucleus""","""PS""",279.0,1109,True,0.0,0.0,0.0
341,749,"""Periventricular hypothalamic nucleus, posterior part""","""PVp""",298.0,126,True,0.0,0.0,0.0
342,750,"""Periventricular hypothalamic nucleus, preoptic part""","""PVpo""",299.0,133,True,0.5333333333333333,0.002680965147453083,0.0053351117039013
343,751,"""Subparaventricular zone""","""SBPV""",467.0,347,True,0.5,0.0020107238605898124,0.0040053404539385
344,752,"""Suprachiasmatic nucleus""","""SCH""",318.0,286,True,0.375,0.0010053619302949062,0.0020053475935828
345,753,"""Subfornical organ""","""SFO""",466.0,338,True,0.0,0.0,0.0
346,755,"""Ventrolateral preoptic nucleus""","""VLPO""",793.0,689,True,0.0,0.0,0.0
347,757,"""Anterior hypothalamic nucleus""","""AHN""",10.0,88,True,0.010309278350515464,0.0003351206434316354,0.0006491398896462
348,763,"""Lateral mammillary nucleus""","""LM""",167.0,210,True,0.0,0.0,0.0
349,765,"""Medial mammillary nucleus, median part""","""MMme""",798.0,732,True,0.0,0.0,0.0
350,770,"""Supramammillary nucleus""","""SUM""",348.0,525,True,0.1935483870967742,0.0020107238605898124,0.0039800995024875
351,774,"""Tuberomammillary nucleus, dorsal part""","""TMd""",423.0,1126,True,0.0,0.0,0.0
352,775,"""Tuberomammillary nucleus, ventral part""","""TMv""",424.0,1,True,0.0,0.0,0.0
353,776,"""Medial preoptic nucleus""","""MPN""",205.0,515,True,0.07407407407407407,0.0013404825737265416,0.0026333113890717
354,780,"""Dorsal premammillary nucleus""","""PMd""",263.0,980,True,0.0,0.0,0.0
355,781,"""Ventral premammillary nucleus""","""PMv""",266.0,1004,True,0.0,0.0,0.0
356,782,"""Paraventricular hypothalamic nucleus, descending division""","""PVHd""",290.0,63,True,0.0,0.0,0.0
357,787,"""Ventromedial hypothalamic nucleus""","""VMH""",369.0,693,True,0.02666666666666667,0.0006702412868632708,0.0013076168682576
358,792,"""Posterior hypothalamic nucleus""","""PH""",259.0,946,True,0.0,0.0,0.0
359,794,"""Lateral hypothalamic area""","""LHA""",165.0,194,True,0.026217228464419477,0.0023458445040214475,0.0043063672716087
360,795,"""Lateral preoptic area""","""LPO""",169.0,226,True,0.0,0.0,0.0
361,797,"""Parasubthalamic nucleus""","""PSTN""",469.0,364,True,0.05263157894736842,0.0003351206434316354,0.0006660006660006
362,799,"""Retrochiasmatic area""","""RCH""",304.0,173,True,0.0625,0.0003351206434316354,0.0006666666666666
363,800,"""Subthalamic nucleus""","""STN""",341.0,470,True,0.8695652173913043,0.006702412868632708,0.0133022946458264
364,801,"""Tuberal nucleus""","""TU""",359.0,614,True,0.01694915254237288,0.0003351206434316354,0.0006572461386789
365,802,"""Zona incerta""","""ZI""",382.0,797,True,0.1794871794871795,0.011729222520107238,0.0220195029883611
366,804,"""Fields of Forel""","""FF""",807.0,804,True,0.0,0.0,0.0
367,805,"""Median eminence""","""ME""",,10671,True,0.0,0.0,0.0
368,806,"""Midbrain""","""MB""",180.0,313,True,0.03614457831325301,0.010053619302949061,0.0157315154693235
369,809,"""Superior colliculus, optic layer""","""SCop""",813.0,851,True,0.0,0.0,0.0
370,810,"""Superior colliculus, superficial gray layer""","""SCsg""",812.0,842,True,0.0,0.0,0.0
371,811,"""Superior colliculus, zonal layer""","""SCzo""",811.0,834,True,0.0,0.0,0.0
372,813,"""Inferior colliculus, central nucleus""","""ICc""",808.0,811,True,0.0,0.0,0.0
373,814,"""Inferior colliculus, dorsal nucleus""","""ICd""",809.0,820,True,0.0,0.0,0.0
374,815,"""Inferior colliculus, external nucleus""","""ICe""",810.0,828,True,0.0,0.0,0.0
375,816,"""Nucleus of the brachium of the inferior colliculus""","""NB""",213.0,580,True,0.0,0.0,0.0
376,817,"""Nucleus sagulum""","""SAG""",316.0,271,True,0.2857142857142857,0.0013404825737265416,0.0026684456304202
377,818,"""Parabigeminal nucleus""","""PBG""",250.0,874,True,0.16666666666666666,0.0003351206434316354,0.0006688963210702
378,819,"""Midbrain trigeminal nucleus""","""MEV""",198.0,460,True,0.5,0.0006702412868632708,0.001338688085676
379,822,"""Substantia nigra, reticular part""","""SNr""",330.0,381,True,0.025380710659898477,0.001675603217158177,0.0031436655139893
380,823,"""Ventral tegmental area""","""VTA""",376.0,749,True,0.0,0.0,0.0
381,825,"""Midbrain reticular nucleus, retrorubral area""","""RR""",313.0,246,True,0.0,0.0,0.0
382,826,"""Midbrain reticular nucleus""","""MRN""",864.0,128,True,0.006006006006006006,0.0013404825737265416,0.0021917808219178
383,831,"""Superior colliculus, motor related, deep gray layer""","""SCdg""",427.0,26,True,0.007246376811594203,0.0003351206434316354,0.0006406149903907
384,832,"""Superior colliculus, motor related, deep white layer""","""SCdw""",429.0,42,True,0.10204081632653061,0.001675603217158177,0.0032970656116056
385,833,"""Superior colliculus, motor related, intermediate white layer""","""SCiw""",426.0,17,True,0.0,0.0,0.0
386,834,"""Superior colliculus, motor related, intermediate gray layer""","""SCig""",425.0,10,True,0.0,0.0,0.0
387,838,"""Periaqueductal gray""","""PAG""",240.0,795,True,0.0692167577413479,0.012734584450402145,0.0215114633455986
388,839,"""Precommissural nucleus""","""PRC""",430.0,50,True,0.0,0.0,0.0
389,840,"""Interstitial nucleus of Cajal""","""INC""",149.0,67,True,0.0,0.0,0.0
390,841,"""Nucleus of Darkschewitsch""","""ND""",214.0,587,True,0.0,0.0,0.0
391,844,"""Anterior pretectal nucleus""","""APN""",26.0,215,True,0.0,0.0,0.0
392,845,"""Medial pretectal area""","""MPT""",207.0,531,True,0.0,0.0,0.0
393,846,"""Nucleus of the optic tract""","""NOT""",219.0,628,True,0.0,0.0,0.0
394,847,"""Nucleus of the posterior commissure""","""NPC""",220.0,634,True,0.0,0.0,0.0
395,848,"""Olivary pretectal nucleus""","""OP""",229.0,706,True,0.0,0.0,0.0
396,849,"""Posterior pretectal nucleus""","""PPT""",273.0,1061,True,0.0,0.0,0.0
397,852,"""Cuneiform nucleus""","""CUN""",76.0,616,True,0.125,0.0030160857908847183,0.0058900523560209
398,853,"""Red nucleus""","""RN""",309.0,214,True,0.0,0.0,0.0
399,854,"""Oculomotor nucleus""","""III""",145.0,35,True,0.0,0.0,0.0
400,857,"""Trochlear nucleus""","""IV""",155.0,115,True,0.0,0.0,0.0
401,859,"""Ventral tegmental nucleus""","""VTN""",377.0,757,True,0.0,0.0,0.0
402,860,"""Anterior tegmental nucleus""","""AT""",28.0,231,True,0.0,0.0,0.0
403,862,"""Dorsal terminal nucleus of the accessory optic tract""","""DT""",433.0,75,True,0.0,0.0,0.0
404,863,"""Medial terminal nucleus of the accessory optic tract""","""MT""",431.0,58,True,0.0,0.0,0.0
405,866,"""Substantia nigra, compact part""","""SNc""",329.0,374,True,0.0,0.0,0.0
406,867,"""Pedunculopontine nucleus""","""PPN""",272.0,1052,True,0.008849557522123894,0.0003351206434316354,0.0006457862447529
407,869,"""Interfascicular nucleus raphe""","""IF""",142.0,12,True,0.0,0.0,0.0
408,879,"""Rostral linear nucleus raphe""","""RL""",307.0,197,True,0.0,0.0,0.0
409,880,"""Central linear nucleus raphe""","""CLI""",73.0,591,True,0.0,0.0,0.0
410,881,"""Dorsal nucleus raphe""","""DR""",108.0,872,True,0.0,0.0,0.0
411,883,"""Pons""","""P""",237.0,771,True,0.03178484107579462,0.00435656836461126,0.0076628352490421
412,885,"""Nucleus of the lateral lemniscus""","""NLL""",217.0,612,True,0.16161616161616163,0.005361930294906166,0.010379500486539
413,889,"""Principal sensory nucleus of the trigeminal""","""PSV""",283.0,7,True,0.04225352112676056,0.0020107238605898124,0.0038387715930902
414,890,"""Parabrachial nucleus""","""PB""",249.0,867,True,0.4603174603174603,0.01943699731903485,0.0372990353697749
415,891,"""Koelliker-Fuse subnucleus""","""KF""",156.0,123,True,0.25925925925925924,0.0023458445040214475,0.0046496180670873
416,903,"""Superior olivary complex, periolivary region""","""POR""",439.0,122,True,0.0,0.0,0.0
417,904,"""Superior olivary complex, medial part""","""SOCm""",437.0,105,True,0.0,0.0,0.0
418,905,"""Superior olivary complex, lateral part""","""SOCl""",438.0,114,True,0.0,0.0,0.0
419,907,"""Barrington's nucleus""","""B""",34.0,280,True,0.0,0.0,0.0
420,908,"""Dorsal tegmental nucleus""","""DTN""",109.0,880,True,0.0,0.0,0.0
421,911,"""Pontine central gray""","""PCG""",253.0,898,True,0.056338028169014086,0.0013404825737265416,0.0026186579378068
422,912,"""Pontine gray""","""PG""",823.0,931,True,0.0,0.0,0.0
423,913,"""Pontine reticular nucleus, caudal part""","""PRNc""",277.0,1093,True,0.0,0.0,0.0
424,917,"""Supratrigeminal nucleus""","""SUT""",349.0,534,True,0.06896551724137931,0.0006702412868632708,0.0013275804845668
425,918,"""Tegmental reticular nucleus""","""TRN""",354.0,574,True,0.0,0.0,0.0
426,919,"""Motor nucleus of trigeminal""","""V""",360.0,621,True,0.05,0.0006702412868632708,0.0013227513227513
427,925,"""Superior central nucleus raphe""","""CS""",84.0,679,True,0.0,0.0,0.0
428,928,"""Locus ceruleus""","""LC""",159.0,147,True,0.3333333333333333,0.0003351206434316354,0.000669568128557
429,929,"""Laterodorsal tegmental nucleus""","""LDT""",161.0,162,True,0.038461538461538464,0.0003351206434316354,0.0006644518272425
430,930,"""Nucleus incertus""","""NI""",216.0,604,True,0.0,0.0,0.0
431,931,"""Pontine reticular nucleus""","""PRNr""",442.0,146,True,0.0,0.0,0.0
432,932,"""Nucleus raphe pontis""","""RPO""",312.0,238,True,0.0,0.0,0.0
433,933,"""Subceruleus nucleus""","""SLC""",326.0,350,True,0.0,0.0,0.0
434,934,"""Sublaterodorsal nucleus""","""SLD""",327.0,358,True,0.0,0.0,0.0
435,935,"""Medulla""","""MY""",185.0,354,True,0.012698412698412698,0.002680965147453083,0.0044272274488101
436,937,"""Area postrema""","""AP""",25.0,207,True,0.0,0.0,0.0
437,941,"""Dorsal cochlear nucleus""","""DCO""",860.0,96,True,0.0,0.0,0.0
438,942,"""Ventral cochlear nucleus""","""VCO""",861.0,101,True,0.030303030303030304,0.0013404825737265416,0.0025673940949935
439,944,"""Cuneate nucleus""","""CU""",88.0,711,True,0.0,0.0,0.0
440,945,"""Gracile nucleus""","""GR""",129.0,1039,True,0.0,0.0,0.0
441,946,"""External cuneate nucleus""","""ECU""",112.0,903,True,0.0,0.0,0.0
442,947,"""Nucleus of the trapezoid body""","""NTB""",221.0,642,True,0.0,0.0,0.0
443,948,"""Nucleus of the solitary tract""","""NTS""",222.0,651,True,0.0,0.0,0.0
444,954,"""Spinal nucleus of the trigeminal, caudal part""","""SPVC""",336.0,429,True,0.0,0.0,0.0
445,955,"""Spinal nucleus of the trigeminal, interpolar part""","""SPVI""",337.0,437,True,0.0,0.0,0.0
446,956,"""Spinal nucleus of the trigeminal, oral part""","""SPVO""",338.0,445,True,0.0,0.0,0.0
447,965,"""Abducens nucleus""","""VI""",364.0,653,True,0.0,0.0,0.0
448,967,"""Facial motor nucleus""","""VII""",365.0,661,True,0.0,0.0,0.0
449,971,"""Nucleus ambiguus, dorsal division""","""AMBd""",824.0,939,True,0.0,0.0,0.0
450,973,"""Dorsal motor nucleus of the vagus nerve""","""DMX""",104.0,839,True,0.0,0.0,0.0
451,975,"""Gigantocellular reticular nucleus""","""GRN""",130.0,1048,True,0.11926605504587157,0.01306970509383378,0.0235578375113258
452,976,"""Infracerebellar nucleus""","""ICB""",470.0,372,True,0.125,0.0003351206434316354,0.0006684491978609
453,977,"""Inferior olivary complex""","""IO""",151.0,83,True,0.0,0.0,0.0
454,978,"""Intermediate reticular nucleus""","""IRN""",865.0,136,True,0.0,0.0,0.0
455,980,"""Linear nucleus of the medulla""","""LIN""",166.0,203,True,0.0,0.0,0.0
456,982,"""Lateral reticular nucleus, magnocellular part""","""LRNm""",826.0,955,True,0.1746031746031746,0.003686327077747989,0.0072202166064981
457,983,"""Lateral reticular nucleus, parvicellular part""","""LRNp""",827.0,963,True,0.0,0.0,0.0
458,984,"""Magnocellular reticular nucleus""","""MARN""",179.0,307,True,0.14516129032258066,0.0030160857908847183,0.0059093893630991
459,986,"""Medullary reticular nucleus, dorsal part""","""MDRNd""",844.0,1098,True,0.0,0.0,0.0
460,987,"""Medullary reticular nucleus, ventral part""","""MDRNv""",845.0,1107,True,0.008849557522123894,0.0003351206434316354,0.0006457862447529
461,988,"""Parvicellular reticular nucleus""","""PARN""",247.0,852,True,0.0,0.0,0.0
462,989,"""Parasolitary nucleus""","""PAS""",248.0,859,True,0.0,0.0,0.0
463,991,"""Paragigantocellular reticular nucleus, dorsal part""","""PGRNd""",828.0,970,True,0.0,0.0,0.0
464,992,"""Paragigantocellular reticular nucleus, lateral part""","""PGRNl""",829.0,978,True,0.07692307692307693,0.0023458445040214475,0.0045528455284552
465,995,"""Nucleus of Roller""","""NR""",446.0,177,True,0.0,0.0,0.0
466,996,"""Nucleus prepositus""","""PRP""",445.0,169,True,0.0,0.0,0.0
467,998,"""Parapyramidal nucleus""","""PPY""",274.0,1069,True,0.0,0.0,0.0
468,1002,"""Lateral vestibular nucleus""","""LAV""",450.0,209,True,0.0,0.0,0.0
469,1003,"""Medial vestibular nucleus""","""MV""",449.0,202,True,0.02575107296137339,0.0020107238605898124,0.0037301834006838
470,1004,"""Spinal vestibular nucleus""","""SPIV""",452.0,225,True,0.0,0.0,0.0
471,1005,"""Superior vestibular nucleus""","""SUV""",451.0,217,True,0.1875,0.0030160857908847183,0.0059366754617414
472,1006,"""Nucleus x""","""x""",378.0,765,True,0.0,0.0,0.0
473,1007,"""Hypoglossal nucleus""","""XII""",379.0,773,True,0.0,0.0,0.0
474,1008,"""Nucleus y""","""y""",380.0,781,True,0.0,0.0,0.0
475,1014,"""Cerebellum""","""CB""",63.0,512,True,0.2976190476190476,0.008378016085790885,0.0162972620599739
476,1020,"""Lingula (I)""","""LING""",396.0,912,True,0.0,0.0,0.0
477,1025,"""Lobule II""","""CENT2""",404.0,976,True,0.2982456140350877,0.017091152815013406,0.0323296354992076
478,1029,"""Lobule III""","""CENT3""",405.0,984,True,0.11782477341389729,0.01306970509383378,0.0235294117647058
479,1042,"""Lobules IV-V""","""CUL4, 5""",843.0,1091,True,0.07013301088270858,0.01943699731903485,0.0304382051954867
480,1046,"""Declive (VI)""","""DEC""",399.0,936,True,0.0,0.0,0.0
481,1050,"""Folium-tuber vermis (VII)""","""FOTU""",400.0,944,True,0.0,0.0,0.0
482,1054,"""Pyramus (VIII)""","""PYR""",401.0,951,True,0.0,0.0,0.0
483,1058,"""Uvula (IX)""","""UVU""",402.0,957,True,0.0,0.0,0.0
484,1062,"""Nodulus (X)""","""NOD""",403.0,968,True,0.0,0.0,0.0
485,1067,"""Simple lobule""","""SIM""",408.0,1007,True,0.0136986301369863,0.003351206434316354,0.0053850296176628
486,1072,"""Crus 1""","""ANcr1""",414.0,1056,True,0.0,0.0,0.0
487,1076,"""Crus 2""","""ANcr2""",415.0,1064,True,0.0,0.0,0.0
488,1080,"""Paramedian lobule""","""PRM""",410.0,1025,True,0.0,0.0,0.0
489,1084,"""Copula pyramidis""","""COPY""",411.0,1033,True,0.006666666666666667,0.0006702412868632708,0.0012180267965895
490,1088,"""Paraflocculus""","""PFL""",412.0,1041,True,0.00273224043715847,0.0006702412868632708,0.0010764262648008
491,1092,"""Flocculus""","""FL""",413.0,1049,True,0.006134969325153374,0.0003351206434316354,0.0006355258976803
492,1097,"""Fastigial nucleus""","""FN""",123.0,989,True,0.015151515151515152,0.0003351206434316354,0.000655737704918
493,1098,"""Interposed nucleus""","""IP""",152.0,91,True,0.12631578947368421,0.004021447721179625,0.0077947385514777
494,1099,"""Dentate nucleus""","""DN""",105.0,846,True,0.27906976744186046,0.004021447721179625,0.0079286422200198
495,1101,"""fiber tracts""","""fiber tracts""",691.0,1009,True,0.39631336405529954,0.028820375335120642,0.0537332083723836
496,1104,"""vomeronasal nerve""","""von""",684.0,949,True,0.0,0.0,0.0
497,1106,"""olfactory nerve layer of main olfactory bulb""","""onl""",692.0,1016,True,0.07259528130671507,0.013404825737265416,0.0226308345120226
498,1108,"""lateral olfactory tract, body""","""lot""",507.0,665,True,0.0,0.0,0.0
499,1109,"""dorsal limb""","""lotd""",491.0,538,True,0.0,0.0,0.0
500,1111,"""anterior commissure, olfactory limb""","""aco""",536.0,900,True,0.0,0.0,0.0
501,1112,"""optic nerve""","""IIn""",671.0,848,True,0.0,0.0,0.0
502,1114,"""brachium of the superior colliculus""","""bsc""",538.0,916,True,0.0,0.0,0.0
503,1115,"""superior colliculus commissure""","""csc""",607.0,336,True,0.25,0.0003351206434316354,0.000669344042838
504,1116,"""optic chiasm""","""och""",580.0,117,True,0.10526315789473684,0.0013404825737265416,0.0026472534745201
505,1117,"""optic tract""","""opt""",581.0,125,True,0.4567901234567901,0.012399463806970509,0.0241435562805872
506,1119,"""oculomotor nerve""","""IIIn""",669.0,832,True,0.0,0.0,0.0
507,1120,"""medial longitudinal fascicle""","""mlf""",573.0,62,True,0.0,0.0,0.0
508,1121,"""posterior commissure""","""pc""",585.0,158,True,0.5,0.0013404825737265416,0.0026737967914438
509,1122,"""trochlear nerve""","""IVn""",679.0,911,True,0.0,0.0,0.0
510,1126,"""motor root of the trigeminal nerve""","""moV""",577.0,93,True,0.25,0.0003351206434316354,0.000669344042838
511,1127,"""sensory root of the trigeminal nerve""","""sV""",594.0,229,True,0.0,0.0,0.0
512,1129,"""spinal tract of the trigeminal nerve""","""sptV""",523.0,794,True,0.00423728813559322,0.0003351206434316354,0.0006211180124223
513,1130,"""facial nerve""","""VIIn""",665.0,798,True,0.0,0.0,0.0
514,1132,"""genu of the facial nerve""","""gVIIn""",563.0,1116,True,0.0,0.0,0.0
515,1135,"""vestibular nerve""","""vVIIIn""",617.0,413,True,0.06060606060606061,0.0006702412868632708,0.0013258203513423
516,1137,"""trapezoid body""","""tb""",529.0,841,True,0.0,0.0,0.0
517,1139,"""dorsal acoustic stria""","""das""",487.0,506,True,0.0,0.0,0.0
518,1140,"""lateral lemniscus""","""ll""",506.0,658,True,0.2647058823529412,0.009048257372654156,0.01749837977965
519,1141,"""inferior colliculus commissure""","""cic""",503.0,633,True,0.0,0.0,0.0
520,1142,"""brachium of the inferior colliculus""","""bic""",484.0,482,True,0.0,0.0,0.0
521,1159,"""medial lemniscus""","""ml""",511.0,697,True,0.0,0.0,0.0
522,1172,"""cerebellar commissure""","""cbc""",658.0,744,True,0.0,0.0,0.0
523,1174,"""superior cerebelar peduncles""","""scp""",606.0,326,True,0.38,0.006367292225201072,0.012524719841793
524,1175,"""superior cerebellar peduncle decussation""","""dscp""",525.0,812,True,0.0,0.0,0.0
525,1177,"""uncinate fascicle""","""uf""",530.0,850,True,0.8333333333333334,0.001675603217158177,0.0033444816053511
526,1178,"""ventral spinocerebellar tract""","""sctv""",532.0,866,True,0.046511627906976744,0.0006702412868632708,0.0013214403700033
527,1179,"""middle cerebellar peduncle""","""mcp""",575.0,78,True,0.16778523489932887,0.008378016085790885,0.0159591445898499
528,1180,"""inferior cerebellar peduncle""","""icp""",564.0,1123,True,0.07954545454545454,0.0023458445040214475,0.0045572916666666
529,1181,"""dorsal spinocerebellar tract""","""sctd""",493.0,553,True,0.0,0.0,0.0
530,1188,"""arbor vitae""","""arb""",656.0,728,True,0.11784140969162996,0.03585790884718499,0.0549845837615621
531,1192,"""corpus callosum, anterior forceps""","""fa""",543.0,956,True,0.22018348623853212,0.00804289544235925,0.0155189136760426
532,1193,"""external capsule""","""ec""",496.0,579,True,0.008130081300813009,0.0003351206434316354,0.0006437077566784
533,1194,"""corpus callosum, extreme capsule""","""ee""",544.0,964,True,0.0,0.0,0.0
534,1195,"""genu of corpus callosum""","""ccg""",562.0,1108,True,0.36792452830188677,0.01306970509383378,0.0252427184466019
535,1196,"""corpus callosum, posterior forceps""","""fp""",545.0,971,True,0.0,0.0,0.0
536,1199,"""corpus callosum, splenium""","""ccs""",547.0,986,True,0.0,0.0,0.0
537,1200,"""corticospinal tract""","""cst""",663.0,784,True,0.0,0.0,0.0
538,1201,"""internal capsule""","""int""",566.0,6,True,0.8106060606060606,0.07171581769436998,0.1317733990147783
539,1202,"""cerebal peduncle""","""cpd""",539.0,924,True,0.11214953271028037,0.004021447721179625,0.0077644775153671
540,1207,"""pyramid""","""py""",589.0,190,True,0.0,0.0,0.0
541,1208,"""pyramidal decussation""","""pyd""",590.0,198,True,0.0,0.0,0.0
542,1212,"""external medullary lamina of the thalamus""","""em""",560.0,1092,True,0.8571428571428571,0.004021447721179625,0.0080053368912608
543,1221,"""nigrostriatal tract""","""nst""",578.0,102,True,0.09090909090909091,0.0003351206434316354,0.0006677796327212
544,1229,"""crossed tectospinal pathway""","""tspc""",554.0,1043,True,0.2222222222222222,0.006032171581769437,0.0117455138662316
545,1230,"""rubrospinal tract""","""rust""",673.0,863,True,0.0,0.0,0.0
546,1231,"""ventral tegmental decussation""","""vtd""",615.0,397,True,0.0,0.0,0.0
547,1240,"""amygdalar capsule""","""amc""",534.0,884,True,0.0,0.0,0.0
548,1242,"""anterior commissure, temporal limb""","""act""",537.0,908,True,0.0,0.0,0.0
549,1243,"""cingulum bundle""","""cing""",541.0,940,True,0.05263157894736842,0.0030160857908847183,0.0057052297939778
550,1245,"""alveus""","""alv""",482.0,466,True,0.04093567251461988,0.0023458445040214475,0.0044374009508716
551,1246,"""dorsal fornix""","""df""",490.0,530,True,0.0,0.0,0.0
552,1247,"""fimbria""","""fi""",499.0,603,True,0.14893617021276595,0.00938337801608579,0.0176544766708701
553,1252,"""columns of the fornix""","""fx""",478.0,436,True,0.0,0.0,0.0
554,1254,"""dorsal hippocampal commissure""","""dhc""",479.0,443,True,0.0,0.0,0.0
555,1255,"""ventral hippocampal commissure""","""vhc""",480.0,449,True,0.5,0.0013404825737265416,0.0026737967914438
556,1259,"""stria terminalis""","""st""",603.0,301,True,0.37142857142857144,0.00435656836461126,0.0086121232196091
557,1260,"""commissural branch of stria terminalis""","""stc""",,484682528,True,0.13677811550151975,0.030160857908847184,0.0494233937397034
558,1262,"""medial forebrain bundle""","""mfb""",572.0,54,True,0.0,0.0,0.0
559,1265,"""supraoptic commissures""","""sup""",609.0,349,True,0.0,0.0,0.0
560,1278,"""principal mammillary tract""","""pm""",518.0,753,True,0.0,0.0,0.0
561,1279,"""mammillothalamic tract""","""mtt""",510.0,690,True,0.0,0.0,0.0
562,1280,"""mammillotegmental tract""","""mtg""",509.0,681,True,0.0,0.0,0.0
563,1281,"""mammillary peduncle""","""mp""",508.0,673,True,0.0,0.0,0.0
564,1285,"""stria medullaris""","""sm""",524.0,802,True,0.0,0.0,0.0
565,1286,"""fasciculus retroflexus""","""fr""",498.0,595,True,0.0,0.0,0.0
566,1287,"""habenular commissure""","""hbc""",500.0,611,True,0.0,0.0,0.0
567,1293,"""lateral ventricle""","""VL""",717.0,81,True,0.23985239852398524,0.0217828418230563,0.0399385560675883
568,1295,"""subependymal zone""","""SEZ""",719.0,98,True,0.26666666666666666,0.0013404825737265416,0.0026675558519506
569,1296,"""choroid plexus""","""chpl""",720.0,108,True,0.16574585635359115,0.010053619302949061,0.0189573459715639
570,1299,"""third ventricle""","""V3""",723.0,129,True,0.060240963855421686,0.001675603217158177,0.0032605151613955
571,1300,"""cerebral aqueduct""","""AQ""",724.0,140,True,0.0,0.0,0.0
572,1301,"""fourth ventricle""","""V4""",725.0,145,True,0.06779661016949153,0.0013404825737265416,0.0026289845547157
573,1302,"""lateral recess""","""V4r""",726.0,153,True,0.0,0.0,0.0
